Métrica,Media,Mediana,Moda
Duración (ms),3658.0495049504952,3626.5,2.0
Uso de CPU (%),0.378019801980198,0.4,0.4
Uso de Memoria (%),34.25064356435644,34.28,34.53
